{
	"Credential": "cf",
	"CF": {
		"Target": "https://api.cf.eu10.hana.ondemand.com",
		"Organization": "0a1a1378-c28d-4153-befa-8659454c1130",
		"Space": "b117f3b1-1c6b-4f54-b63c-c815dce92b05"
	},
	"MobileService": {
		"AdminAPI": "https://mobile-service-cockpit-api.cfapps.eu10.hana.ondemand.com/cockpit/v1/org/0a1a1378-c28d-4153-befa-8659454c1130/space/b117f3b1-1c6b-4f54-b63c-c815dce92b05",
		"AppId": "com.eliagroup.sap.pm.nfcreader.dev",
		"Destination": [
			"com.eliagroup.sap.pm.nfcreader.dev"
		],
		"Type": "standard"
	},
	"Onboarding": {
		"Schema": "sapmobilesvcs",
		"TimeZone": "UTC",
		"URL": "sapmobilesvcs://?AppId=com.eliagroup.sap.pm.nfcreader.dev&ClientId=ff317c5a-2db9-4f47-a8bd-488807520507&ServerUrl=https://eliagroup-111-dev-111-pm-com-eliagroup-sap-pm-nfcreader-dev.cfapps.eu10.hana.ondemand.com&SapCloudPlatformEndpoint=https://eliagroup-111-dev-111-pm-com-eliagroup-sap-pm-nfcreader-dev.cfapps.eu10.hana.ondemand.com&AuthorizationEndpointUrl=https://eliagroup-111-dev-111-pm-com-eliagroup-sap-pm-nfcreader-dev.cfapps.eu10.hana.ondemand.com/oauth2/api/v1/authorize&RedirectUrl=https://eliagroup-111-dev-111-pm-com-eliagroup-sap-pm-nfcreader-dev.cfapps.eu10.hana.ondemand.com&TokenUrl=https://eliagroup-111-dev-111-pm-com-eliagroup-sap-pm-nfcreader-dev.cfapps.eu10.hana.ondemand.com/oauth2/api/v1/token&multiUser=false"
	},
	"Build": {
		"SourceMap": true,
		"WMF": false
	}
}